/*
Post-Deployment Script Template							
--------------------------------------------------------------------------------------
 This file contains SQL statements that will be appended to the build script.		
 Use SQLCMD syntax to include a file in the post-deployment script.			
 Example:      :r .\myfile.sql								
 Use SQLCMD syntax to reference a variable in the post-deployment script.		
 Example:      :setvar TableName MyTable							
               SELECT * FROM [$(TableName)]					
--------------------------------------------------------------------------------------
*/

SET NUMERIC_ROUNDABORT OFF
GO
SET XACT_ABORT, ANSI_PADDING, ANSI_WARNINGS, CONCAT_NULL_YIELDS_NULL, ARITHABORT, QUOTED_IDENTIFIER, ANSI_NULLS ON
GO
/*Pointer used for text / image updates. This might not be needed, but is declared here just in case*/
DECLARE @pv binary(16)
BEGIN TRANSACTION
ALTER TABLE [dbo].[Deposit] DROP CONSTRAINT [FK_Deposit_Transaction]
ALTER TABLE [dbo].[OtherIncome] DROP CONSTRAINT [FK_Other income_Transaction]
ALTER TABLE [dbo].[Rent] DROP CONSTRAINT [FK_Rent_Transaction]
ALTER TABLE [dbo].[LongTermExpence] DROP CONSTRAINT [FK_Long-term expence_Transaction]
ALTER TABLE [dbo].[OtherExpence] DROP CONSTRAINT [FK_Other expence_Transaction]
ALTER TABLE [dbo].[TransactionUser] DROP CONSTRAINT [FK_Transaction-User_Transaction]
ALTER TABLE [dbo].[TransactionUser] DROP CONSTRAINT [FK_Transaction-User_User]
ALTER TABLE [dbo].[Grant] DROP CONSTRAINT [FK_Grant_Transaction]
ALTER TABLE [dbo].[HouseholdExpence] DROP CONSTRAINT [FK_Household expence_Transaction]
ALTER TABLE [dbo].[Wage] DROP CONSTRAINT [FK_Wage_Transaction]
ALTER TABLE [dbo].[Credit] DROP CONSTRAINT [FK_Credit_Transaction]
ALTER TABLE [dbo].[Transaction] DROP CONSTRAINT [FK_Transaction_User]
SET IDENTITY_INSERT [dbo].[Transaction] ON
INSERT INTO [dbo].[Transaction] ([ID], [Date], [Description], [Author_ID]) VALUES (1, '20141201', N'МакДональд', 3)
INSERT INTO [dbo].[Transaction] ([ID], [Date], [Description], [Author_ID]) VALUES (2, '20141209', N'Сільпо jsdhfsjdhfkjsdhfkjsdhfksdj dk;jfhdkshfsk', 3)
INSERT INTO [dbo].[Transaction] ([ID], [Date], [Description], [Author_ID]) VALUES (3, '20141215', N'Зарплатаasdsadsadsadsadsadsa', 3)
INSERT INTO [dbo].[Transaction] ([ID], [Date], [Description], [Author_ID]) VALUES (4, '20141220', N'Оренда квартири', 11)
INSERT INTO [dbo].[Transaction] ([ID], [Date], [Description], [Author_ID]) VALUES (5, '20141220', NULL, 3)
INSERT INTO [dbo].[Transaction] ([ID], [Date], [Description], [Author_ID]) VALUES (6, '20141220', NULL, 3)
INSERT INTO [dbo].[Transaction] ([ID], [Date], [Description], [Author_ID]) VALUES (7, '20141220', NULL, 3)
INSERT INTO [dbo].[Transaction] ([ID], [Date], [Description], [Author_ID]) VALUES (8, '20141220', NULL, 3)
INSERT INTO [dbo].[Transaction] ([ID], [Date], [Description], [Author_ID]) VALUES (9, '20141220', NULL, 3)
INSERT INTO [dbo].[Transaction] ([ID], [Date], [Description], [Author_ID]) VALUES (10, '20141220', NULL, 3)
INSERT INTO [dbo].[Transaction] ([ID], [Date], [Description], [Author_ID]) VALUES (11, '20160307', NULL, 3)
INSERT INTO [dbo].[Transaction] ([ID], [Date], [Description], [Author_ID]) VALUES (12, '20141220', N'Ewwecc    ', 3)
INSERT INTO [dbo].[Transaction] ([ID], [Date], [Description], [Author_ID]) VALUES (13, '20141221', N'Папаарам  ', 3)
INSERT INTO [dbo].[Transaction] ([ID], [Date], [Description], [Author_ID]) VALUES (14, '20120101', N'qqqqa  a  ', 3)
INSERT INTO [dbo].[Transaction] ([ID], [Date], [Description], [Author_ID]) VALUES (15, '20080202', N'Подарок   ', 3)
INSERT INTO [dbo].[Transaction] ([ID], [Date], [Description], [Author_ID]) VALUES (16, '20050208', N'Аванс     ', 3)
INSERT INTO [dbo].[Transaction] ([ID], [Date], [Description], [Author_ID]) VALUES (17, '20110102', N'Лотерея   ', 3)
INSERT INTO [dbo].[Transaction] ([ID], [Date], [Description], [Author_ID]) VALUES (18, '20090105', N'HP d ss   ', 3)
INSERT INTO [dbo].[Transaction] ([ID], [Date], [Description], [Author_ID]) VALUES (19, '20140218', N'asd       ', 3)
INSERT INTO [dbo].[Transaction] ([ID], [Date], [Description], [Author_ID]) VALUES (20, '20140212', N'asdfxx    ', 3)
INSERT INTO [dbo].[Transaction] ([ID], [Date], [Description], [Author_ID]) VALUES (21, NULL, NULL, 3)
INSERT INTO [dbo].[Transaction] ([ID], [Date], [Description], [Author_ID]) VALUES (22, NULL, NULL, 3)
INSERT INTO [dbo].[Transaction] ([ID], [Date], [Description], [Author_ID]) VALUES (23, NULL, NULL, 3)
INSERT INTO [dbo].[Transaction] ([ID], [Date], [Description], [Author_ID]) VALUES (24, NULL, NULL, 3)
INSERT INTO [dbo].[Transaction] ([ID], [Date], [Description], [Author_ID]) VALUES (25, NULL, NULL, 3)
INSERT INTO [dbo].[Transaction] ([ID], [Date], [Description], [Author_ID]) VALUES (26, NULL, N'asd       ', 3)
INSERT INTO [dbo].[Transaction] ([ID], [Date], [Description], [Author_ID]) VALUES (27, NULL, N'cxccc     ', 3)
INSERT INTO [dbo].[Transaction] ([ID], [Date], [Description], [Author_ID]) VALUES (28, NULL, NULL, 3)
INSERT INTO [dbo].[Transaction] ([ID], [Date], [Description], [Author_ID]) VALUES (29, NULL, NULL, 3)
INSERT INTO [dbo].[Transaction] ([ID], [Date], [Description], [Author_ID]) VALUES (30, NULL, N'asd       ', 22)
INSERT INTO [dbo].[Transaction] ([ID], [Date], [Description], [Author_ID]) VALUES (31, NULL, NULL, 3)
INSERT INTO [dbo].[Transaction] ([ID], [Date], [Description], [Author_ID]) VALUES (32, NULL, NULL, 3)
INSERT INTO [dbo].[Transaction] ([ID], [Date], [Description], [Author_ID]) VALUES (33, NULL, NULL, 3)
INSERT INTO [dbo].[Transaction] ([ID], [Date], [Description], [Author_ID]) VALUES (34, NULL, NULL, 3)
INSERT INTO [dbo].[Transaction] ([ID], [Date], [Description], [Author_ID]) VALUES (35, NULL, NULL, 3)
INSERT INTO [dbo].[Transaction] ([ID], [Date], [Description], [Author_ID]) VALUES (36, NULL, NULL, 3)
INSERT INTO [dbo].[Transaction] ([ID], [Date], [Description], [Author_ID]) VALUES (37, NULL, NULL, 3)
INSERT INTO [dbo].[Transaction] ([ID], [Date], [Description], [Author_ID]) VALUES (38, NULL, NULL, 3)
INSERT INTO [dbo].[Transaction] ([ID], [Date], [Description], [Author_ID]) VALUES (39, NULL, NULL, 3)
INSERT INTO [dbo].[Transaction] ([ID], [Date], [Description], [Author_ID]) VALUES (40, NULL, NULL, 3)
INSERT INTO [dbo].[Transaction] ([ID], [Date], [Description], [Author_ID]) VALUES (41, NULL, NULL, 3)
INSERT INTO [dbo].[Transaction] ([ID], [Date], [Description], [Author_ID]) VALUES (42, NULL, NULL, 3)
INSERT INTO [dbo].[Transaction] ([ID], [Date], [Description], [Author_ID]) VALUES (43, NULL, NULL, 3)
INSERT INTO [dbo].[Transaction] ([ID], [Date], [Description], [Author_ID]) VALUES (44, NULL, NULL, 3)
INSERT INTO [dbo].[Transaction] ([ID], [Date], [Description], [Author_ID]) VALUES (45, NULL, NULL, 3)
INSERT INTO [dbo].[Transaction] ([ID], [Date], [Description], [Author_ID]) VALUES (46, NULL, NULL, 3)
INSERT INTO [dbo].[Transaction] ([ID], [Date], [Description], [Author_ID]) VALUES (47, NULL, NULL, 3)
INSERT INTO [dbo].[Transaction] ([ID], [Date], [Description], [Author_ID]) VALUES (48, NULL, N'dsds', 3)
INSERT INTO [dbo].[Transaction] ([ID], [Date], [Description], [Author_ID]) VALUES (49, NULL, NULL, 3)
INSERT INTO [dbo].[Transaction] ([ID], [Date], [Description], [Author_ID]) VALUES (50, NULL, NULL, 3)
INSERT INTO [dbo].[Transaction] ([ID], [Date], [Description], [Author_ID]) VALUES (51, NULL, NULL, 3)
INSERT INTO [dbo].[Transaction] ([ID], [Date], [Description], [Author_ID]) VALUES (52, NULL, NULL, 3)
INSERT INTO [dbo].[Transaction] ([ID], [Date], [Description], [Author_ID]) VALUES (53, NULL, NULL, 3)
INSERT INTO [dbo].[Transaction] ([ID], [Date], [Description], [Author_ID]) VALUES (54, NULL, NULL, 3)
INSERT INTO [dbo].[Transaction] ([ID], [Date], [Description], [Author_ID]) VALUES (55, NULL, NULL, 3)
INSERT INTO [dbo].[Transaction] ([ID], [Date], [Description], [Author_ID]) VALUES (56, NULL, NULL, 3)
INSERT INTO [dbo].[Transaction] ([ID], [Date], [Description], [Author_ID]) VALUES (57, NULL, NULL, 3)
INSERT INTO [dbo].[Transaction] ([ID], [Date], [Description], [Author_ID]) VALUES (58, NULL, NULL, 3)
INSERT INTO [dbo].[Transaction] ([ID], [Date], [Description], [Author_ID]) VALUES (59, NULL, NULL, 3)
INSERT INTO [dbo].[Transaction] ([ID], [Date], [Description], [Author_ID]) VALUES (60, NULL, NULL, 3)
INSERT INTO [dbo].[Transaction] ([ID], [Date], [Description], [Author_ID]) VALUES (61, NULL, NULL, 3)
INSERT INTO [dbo].[Transaction] ([ID], [Date], [Description], [Author_ID]) VALUES (62, NULL, NULL, 3)
INSERT INTO [dbo].[Transaction] ([ID], [Date], [Description], [Author_ID]) VALUES (63, NULL, NULL, 3)
INSERT INTO [dbo].[Transaction] ([ID], [Date], [Description], [Author_ID]) VALUES (64, NULL, NULL, 3)
INSERT INTO [dbo].[Transaction] ([ID], [Date], [Description], [Author_ID]) VALUES (65, NULL, NULL, 3)
INSERT INTO [dbo].[Transaction] ([ID], [Date], [Description], [Author_ID]) VALUES (66, NULL, N'asdasdasd', 3)
INSERT INTO [dbo].[Transaction] ([ID], [Date], [Description], [Author_ID]) VALUES (67, '20120212', N'asdfsadasd', 3)
INSERT INTO [dbo].[Transaction] ([ID], [Date], [Description], [Author_ID]) VALUES (68, NULL, NULL, 3)
INSERT INTO [dbo].[Transaction] ([ID], [Date], [Description], [Author_ID]) VALUES (69, NULL, N'eew', 3)
INSERT INTO [dbo].[Transaction] ([ID], [Date], [Description], [Author_ID]) VALUES (70, NULL, N'ewewew', 3)
INSERT INTO [dbo].[Transaction] ([ID], [Date], [Description], [Author_ID]) VALUES (71, NULL, N'rewerw', 3)
INSERT INTO [dbo].[Transaction] ([ID], [Date], [Description], [Author_ID]) VALUES (72, NULL, N' rw wrwr rw rw ', 3)
INSERT INTO [dbo].[Transaction] ([ID], [Date], [Description], [Author_ID]) VALUES (73, NULL, NULL, 3)
INSERT INTO [dbo].[Transaction] ([ID], [Date], [Description], [Author_ID]) VALUES (74, NULL, N'4', 3)
INSERT INTO [dbo].[Transaction] ([ID], [Date], [Description], [Author_ID]) VALUES (75, '20141011', N'Аванс', 23)
INSERT INTO [dbo].[Transaction] ([ID], [Date], [Description], [Author_ID]) VALUES (76, '20141111', N'Гривневий депозит', 23)
INSERT INTO [dbo].[Transaction] ([ID], [Date], [Description], [Author_ID]) VALUES (77, '20141120', N'Стипендія', 23)
INSERT INTO [dbo].[Transaction] ([ID], [Date], [Description], [Author_ID]) VALUES (78, '20141225', N'Лотерея', 23)
INSERT INTO [dbo].[Transaction] ([ID], [Date], [Description], [Author_ID]) VALUES (79, '20141123', N'Сільпо', 23)
INSERT INTO [dbo].[Transaction] ([ID], [Date], [Description], [Author_ID]) VALUES (80, '20141207', N'Оренда квартири', 24)
INSERT INTO [dbo].[Transaction] ([ID], [Date], [Description], [Author_ID]) VALUES (81, '20141120', N'Кредит на квартиру', 23)
INSERT INTO [dbo].[Transaction] ([ID], [Date], [Description], [Author_ID]) VALUES (82, '20141225', N'Придбання комп''ютера', 23)
INSERT INTO [dbo].[Transaction] ([ID], [Date], [Description], [Author_ID]) VALUES (83, '20141211', N'Проїзний на метро', 23)
INSERT INTO [dbo].[Transaction] ([ID], [Date], [Description], [Author_ID]) VALUES (84, '20141124', N'Зарплата', 23)
INSERT INTO [dbo].[Transaction] ([ID], [Date], [Description], [Author_ID]) VALUES (85, '20141025', N'Аванс', 23)
INSERT INTO [dbo].[Transaction] ([ID], [Date], [Description], [Author_ID]) VALUES (86, '20141015', N'Новус', 23)
INSERT INTO [dbo].[Transaction] ([ID], [Date], [Description], [Author_ID]) VALUES (87, '20141012', N'Зарплата', 23)
INSERT INTO [dbo].[Transaction] ([ID], [Date], [Description], [Author_ID]) VALUES (88, '20141005', N'Миючі засоби', 23)
INSERT INTO [dbo].[Transaction] ([ID], [Date], [Description], [Author_ID]) VALUES (89, NULL, NULL, 23)
INSERT INTO [dbo].[Transaction] ([ID], [Date], [Description], [Author_ID]) VALUES (90, '20141001', N'Чай', 23)
INSERT INTO [dbo].[Transaction] ([ID], [Date], [Description], [Author_ID]) VALUES (91, '20141003', N'Долларовий депозит', 23)
INSERT INTO [dbo].[Transaction] ([ID], [Date], [Description], [Author_ID]) VALUES (92, '20141012', N'Оренда квартири', 23)
INSERT INTO [dbo].[Transaction] ([ID], [Date], [Description], [Author_ID]) VALUES (93, '20141005', N'Кредит на житло', 23)
INSERT INTO [dbo].[Transaction] ([ID], [Date], [Description], [Author_ID]) VALUES (94, '20141006', N'Стипендія', 23)
INSERT INTO [dbo].[Transaction] ([ID], [Date], [Description], [Author_ID]) VALUES (95, '20141017', N'Сільпо', 23)
INSERT INTO [dbo].[Transaction] ([ID], [Date], [Description], [Author_ID]) VALUES (96, '20140907', N'Зарплата', 23)
INSERT INTO [dbo].[Transaction] ([ID], [Date], [Description], [Author_ID]) VALUES (97, '20140909', N'Продаж квасу', 23)
INSERT INTO [dbo].[Transaction] ([ID], [Date], [Description], [Author_ID]) VALUES (98, '20140902', N'Придбання авто', 23)
INSERT INTO [dbo].[Transaction] ([ID], [Date], [Description], [Author_ID]) VALUES (99, '20140923', N'Ремонт кухні', 23)
INSERT INTO [dbo].[Transaction] ([ID], [Date], [Description], [Author_ID]) VALUES (100, '20140912', N'Аванс', 23)
INSERT INTO [dbo].[Transaction] ([ID], [Date], [Description], [Author_ID]) VALUES (101, '20141226', N'asd', 23)
INSERT INTO [dbo].[Transaction] ([ID], [Date], [Description], [Author_ID]) VALUES (102, '20141205', N'asd', 23)
SET IDENTITY_INSERT [dbo].[Transaction] OFF
INSERT INTO [dbo].[Credit] ([ID], [Credit rate(%)], [Credti body], [Monthly payment]) VALUES (81, 15, 240000.0000, -3000.0000)
INSERT INTO [dbo].[Credit] ([ID], [Credit rate(%)], [Credti body], [Monthly payment]) VALUES (93, NULL, NULL, NULL)
INSERT INTO [dbo].[Wage] ([ID], [Workplace], [Wage-rate]) VALUES (3, N'asdsaddddddddddddddaaaaaaddsad', 105.0000)
INSERT INTO [dbo].[Wage] ([ID], [Workplace], [Wage-rate]) VALUES (16, N'Біоніка   ', 10000.0000)
INSERT INTO [dbo].[Wage] ([ID], [Workplace], [Wage-rate]) VALUES (27, NULL, NULL)
INSERT INTO [dbo].[Wage] ([ID], [Workplace], [Wage-rate]) VALUES (36, N'srdrdsr4d4rd4rd4rd4d5td5td5td5tds5d5d4r', NULL)
INSERT INTO [dbo].[Wage] ([ID], [Workplace], [Wage-rate]) VALUES (37, NULL, NULL)
INSERT INTO [dbo].[Wage] ([ID], [Workplace], [Wage-rate]) VALUES (38, NULL, NULL)
INSERT INTO [dbo].[Wage] ([ID], [Workplace], [Wage-rate]) VALUES (39, NULL, NULL)
INSERT INTO [dbo].[Wage] ([ID], [Workplace], [Wage-rate]) VALUES (40, NULL, NULL)
INSERT INTO [dbo].[Wage] ([ID], [Workplace], [Wage-rate]) VALUES (41, NULL, NULL)
INSERT INTO [dbo].[Wage] ([ID], [Workplace], [Wage-rate]) VALUES (42, NULL, NULL)
INSERT INTO [dbo].[Wage] ([ID], [Workplace], [Wage-rate]) VALUES (43, NULL, NULL)
INSERT INTO [dbo].[Wage] ([ID], [Workplace], [Wage-rate]) VALUES (44, NULL, NULL)
INSERT INTO [dbo].[Wage] ([ID], [Workplace], [Wage-rate]) VALUES (45, NULL, NULL)
INSERT INTO [dbo].[Wage] ([ID], [Workplace], [Wage-rate]) VALUES (46, NULL, NULL)
INSERT INTO [dbo].[Wage] ([ID], [Workplace], [Wage-rate]) VALUES (47, NULL, NULL)
INSERT INTO [dbo].[Wage] ([ID], [Workplace], [Wage-rate]) VALUES (48, NULL, NULL)
INSERT INTO [dbo].[Wage] ([ID], [Workplace], [Wage-rate]) VALUES (49, NULL, NULL)
INSERT INTO [dbo].[Wage] ([ID], [Workplace], [Wage-rate]) VALUES (50, NULL, NULL)
INSERT INTO [dbo].[Wage] ([ID], [Workplace], [Wage-rate]) VALUES (51, NULL, NULL)
INSERT INTO [dbo].[Wage] ([ID], [Workplace], [Wage-rate]) VALUES (52, NULL, NULL)
INSERT INTO [dbo].[Wage] ([ID], [Workplace], [Wage-rate]) VALUES (53, NULL, NULL)
INSERT INTO [dbo].[Wage] ([ID], [Workplace], [Wage-rate]) VALUES (54, NULL, NULL)
INSERT INTO [dbo].[Wage] ([ID], [Workplace], [Wage-rate]) VALUES (55, NULL, NULL)
INSERT INTO [dbo].[Wage] ([ID], [Workplace], [Wage-rate]) VALUES (56, NULL, NULL)
INSERT INTO [dbo].[Wage] ([ID], [Workplace], [Wage-rate]) VALUES (57, NULL, NULL)
INSERT INTO [dbo].[Wage] ([ID], [Workplace], [Wage-rate]) VALUES (58, NULL, NULL)
INSERT INTO [dbo].[Wage] ([ID], [Workplace], [Wage-rate]) VALUES (59, NULL, NULL)
INSERT INTO [dbo].[Wage] ([ID], [Workplace], [Wage-rate]) VALUES (60, NULL, NULL)
INSERT INTO [dbo].[Wage] ([ID], [Workplace], [Wage-rate]) VALUES (61, NULL, NULL)
INSERT INTO [dbo].[Wage] ([ID], [Workplace], [Wage-rate]) VALUES (62, NULL, NULL)
INSERT INTO [dbo].[Wage] ([ID], [Workplace], [Wage-rate]) VALUES (63, NULL, NULL)
INSERT INTO [dbo].[Wage] ([ID], [Workplace], [Wage-rate]) VALUES (64, NULL, NULL)
INSERT INTO [dbo].[Wage] ([ID], [Workplace], [Wage-rate]) VALUES (65, NULL, NULL)
INSERT INTO [dbo].[Wage] ([ID], [Workplace], [Wage-rate]) VALUES (70, NULL, NULL)
INSERT INTO [dbo].[Wage] ([ID], [Workplace], [Wage-rate]) VALUES (73, NULL, NULL)
INSERT INTO [dbo].[Wage] ([ID], [Workplace], [Wage-rate]) VALUES (74, NULL, NULL)
INSERT INTO [dbo].[Wage] ([ID], [Workplace], [Wage-rate]) VALUES (75, N'Bionic', 10000.0000)
INSERT INTO [dbo].[Wage] ([ID], [Workplace], [Wage-rate]) VALUES (84, N'Bionic', 10000.0000)
INSERT INTO [dbo].[Wage] ([ID], [Workplace], [Wage-rate]) VALUES (85, NULL, NULL)
INSERT INTO [dbo].[Wage] ([ID], [Workplace], [Wage-rate]) VALUES (87, NULL, NULL)
INSERT INTO [dbo].[Wage] ([ID], [Workplace], [Wage-rate]) VALUES (89, NULL, NULL)
INSERT INTO [dbo].[Wage] ([ID], [Workplace], [Wage-rate]) VALUES (96, NULL, NULL)
INSERT INTO [dbo].[Wage] ([ID], [Workplace], [Wage-rate]) VALUES (100, NULL, NULL)
INSERT INTO [dbo].[HouseholdExpence] ([ID], [HE type], [Comment]) VALUES (2, N'Харчуванняsdfsdfsdfsdfsdfsdfsdf5146', N'Продукти на тиждень')
INSERT INTO [dbo].[HouseholdExpence] ([ID], [HE type], [Comment]) VALUES (11, NULL, N'fdsfd     ')
INSERT INTO [dbo].[HouseholdExpence] ([ID], [HE type], [Comment]) VALUES (12, N'qq1       ', N'vvbcd     ')
INSERT INTO [dbo].[HouseholdExpence] ([ID], [HE type], [Comment]) VALUES (13, N'івававіа  ', N'івавіааіва')
INSERT INTO [dbo].[HouseholdExpence] ([ID], [HE type], [Comment]) VALUES (14, N'qqq       ', N'qqhu      ')
INSERT INTO [dbo].[HouseholdExpence] ([ID], [HE type], [Comment]) VALUES (15, N'фівs      ', N'фів       ')
INSERT INTO [dbo].[HouseholdExpence] ([ID], [HE type], [Comment]) VALUES (18, N'HO        ', N'ho        ')
INSERT INTO [dbo].[HouseholdExpence] ([ID], [HE type], [Comment]) VALUES (19, N'asd       ', N'adsd      ')
INSERT INTO [dbo].[HouseholdExpence] ([ID], [HE type], [Comment]) VALUES (20, N'asd       ', N'asdd      ')
INSERT INTO [dbo].[HouseholdExpence] ([ID], [HE type], [Comment]) VALUES (21, NULL, NULL)
INSERT INTO [dbo].[HouseholdExpence] ([ID], [HE type], [Comment]) VALUES (22, NULL, NULL)
INSERT INTO [dbo].[HouseholdExpence] ([ID], [HE type], [Comment]) VALUES (23, NULL, NULL)
INSERT INTO [dbo].[HouseholdExpence] ([ID], [HE type], [Comment]) VALUES (24, NULL, NULL)
INSERT INTO [dbo].[HouseholdExpence] ([ID], [HE type], [Comment]) VALUES (25, NULL, NULL)
INSERT INTO [dbo].[HouseholdExpence] ([ID], [HE type], [Comment]) VALUES (26, N'as        ', N'asd       ')
INSERT INTO [dbo].[HouseholdExpence] ([ID], [HE type], [Comment]) VALUES (29, NULL, NULL)
INSERT INTO [dbo].[HouseholdExpence] ([ID], [HE type], [Comment]) VALUES (30, N'asdds     ', NULL)
INSERT INTO [dbo].[HouseholdExpence] ([ID], [HE type], [Comment]) VALUES (79, N'Харчування', N'Продукти на тиждень')
INSERT INTO [dbo].[HouseholdExpence] ([ID], [HE type], [Comment]) VALUES (86, NULL, NULL)
INSERT INTO [dbo].[HouseholdExpence] ([ID], [HE type], [Comment]) VALUES (88, NULL, NULL)
INSERT INTO [dbo].[HouseholdExpence] ([ID], [HE type], [Comment]) VALUES (90, NULL, NULL)
INSERT INTO [dbo].[HouseholdExpence] ([ID], [HE type], [Comment]) VALUES (95, NULL, NULL)
INSERT INTO [dbo].[HouseholdExpence] ([ID], [HE type], [Comment]) VALUES (101, NULL, NULL)
INSERT INTO [dbo].[Grant] ([ID], [Grant type], [Grant-rate]) VALUES (67, N'asdasdasdasd', 250.0000)
INSERT INTO [dbo].[Grant] ([ID], [Grant type], [Grant-rate]) VALUES (72, NULL, NULL)
INSERT INTO [dbo].[Grant] ([ID], [Grant type], [Grant-rate]) VALUES (77, N'КПІ', 700.0000)
INSERT INTO [dbo].[Grant] ([ID], [Grant type], [Grant-rate]) VALUES (94, NULL, NULL)
INSERT INTO [dbo].[Grant] ([ID], [Grant type], [Grant-rate]) VALUES (102, NULL, NULL)
SET IDENTITY_INSERT [dbo].[User] ON
INSERT INTO [dbo].[User] ([ID], [Name], [Login], [Password]) VALUES (3, N'Роман', N'roman', N'alex')
INSERT INTO [dbo].[User] ([ID], [Name], [Login], [Password]) VALUES (11, N'Олег', N'oleg', N'bobpass')
INSERT INTO [dbo].[User] ([ID], [Name], [Login], [Password]) VALUES (17, N'Віталій', N'vitaliy', N'victorpass')
INSERT INTO [dbo].[User] ([ID], [Name], [Login], [Password]) VALUES (18, N'Назар', N'nazar', N'donpass')
INSERT INTO [dbo].[User] ([ID], [Name], [Login], [Password]) VALUES (19, N'Володимир', N'vjljdumur', N'fredpass')
INSERT INTO [dbo].[User] ([ID], [Name], [Login], [Password]) VALUES (22, N'Тарас', N'taras', N'taars     ')
INSERT INTO [dbo].[User] ([ID], [Name], [Login], [Password]) VALUES (23, N'Олександр', N'user', N'user')
INSERT INTO [dbo].[User] ([ID], [Name], [Login], [Password]) VALUES (24, N'Андрій', N'andriy', N'andriy')
INSERT INTO [dbo].[User] ([ID], [Name], [Login], [Password]) VALUES (25, N'Дмитро', N'dima', N'DIMA')
INSERT INTO [dbo].[User] ([ID], [Name], [Login], [Password]) VALUES (26, N'Name', N'name', N'name')
SET IDENTITY_INSERT [dbo].[User] OFF
INSERT INTO [dbo].[TransactionUser] ([ID_transaction], [ID_user], [Sum]) VALUES (1, 3, -70.0000)
INSERT INTO [dbo].[TransactionUser] ([ID_transaction], [ID_user], [Sum]) VALUES (2, 3, -1500.0000)
INSERT INTO [dbo].[TransactionUser] ([ID_transaction], [ID_user], [Sum]) VALUES (2, 11, -80.0000)
INSERT INTO [dbo].[TransactionUser] ([ID_transaction], [ID_user], [Sum]) VALUES (2, 17, 25.0000)
INSERT INTO [dbo].[TransactionUser] ([ID_transaction], [ID_user], [Sum]) VALUES (2, 18, 30.0000)
INSERT INTO [dbo].[TransactionUser] ([ID_transaction], [ID_user], [Sum]) VALUES (3, 3, 30.0000)
INSERT INTO [dbo].[TransactionUser] ([ID_transaction], [ID_user], [Sum]) VALUES (3, 11, NULL)
INSERT INTO [dbo].[TransactionUser] ([ID_transaction], [ID_user], [Sum]) VALUES (3, 17, NULL)
INSERT INTO [dbo].[TransactionUser] ([ID_transaction], [ID_user], [Sum]) VALUES (4, 3, -2000.0000)
INSERT INTO [dbo].[TransactionUser] ([ID_transaction], [ID_user], [Sum]) VALUES (4, 11, -2000.0000)
INSERT INTO [dbo].[TransactionUser] ([ID_transaction], [ID_user], [Sum]) VALUES (12, 3, 43.0000)
INSERT INTO [dbo].[TransactionUser] ([ID_transaction], [ID_user], [Sum]) VALUES (13, 3, -561.0000)
INSERT INTO [dbo].[TransactionUser] ([ID_transaction], [ID_user], [Sum]) VALUES (13, 17, 2.0000)
INSERT INTO [dbo].[TransactionUser] ([ID_transaction], [ID_user], [Sum]) VALUES (13, 18, 3.0000)
INSERT INTO [dbo].[TransactionUser] ([ID_transaction], [ID_user], [Sum]) VALUES (13, 22, NULL)
INSERT INTO [dbo].[TransactionUser] ([ID_transaction], [ID_user], [Sum]) VALUES (14, 3, -250.0000)
INSERT INTO [dbo].[TransactionUser] ([ID_transaction], [ID_user], [Sum]) VALUES (14, 11, 6.0000)
INSERT INTO [dbo].[TransactionUser] ([ID_transaction], [ID_user], [Sum]) VALUES (14, 17, NULL)
INSERT INTO [dbo].[TransactionUser] ([ID_transaction], [ID_user], [Sum]) VALUES (14, 18, 5.0000)
INSERT INTO [dbo].[TransactionUser] ([ID_transaction], [ID_user], [Sum]) VALUES (15, 3, -215.0000)
INSERT INTO [dbo].[TransactionUser] ([ID_transaction], [ID_user], [Sum]) VALUES (15, 17, -400.0000)
INSERT INTO [dbo].[TransactionUser] ([ID_transaction], [ID_user], [Sum]) VALUES (16, 3, 5000.0000)
INSERT INTO [dbo].[TransactionUser] ([ID_transaction], [ID_user], [Sum]) VALUES (17, 3, 25000.0000)
INSERT INTO [dbo].[TransactionUser] ([ID_transaction], [ID_user], [Sum]) VALUES (31, 3, NULL)
INSERT INTO [dbo].[TransactionUser] ([ID_transaction], [ID_user], [Sum]) VALUES (32, 3, NULL)
INSERT INTO [dbo].[TransactionUser] ([ID_transaction], [ID_user], [Sum]) VALUES (33, 3, NULL)
INSERT INTO [dbo].[TransactionUser] ([ID_transaction], [ID_user], [Sum]) VALUES (34, 3, NULL)
INSERT INTO [dbo].[TransactionUser] ([ID_transaction], [ID_user], [Sum]) VALUES (35, 3, NULL)
INSERT INTO [dbo].[TransactionUser] ([ID_transaction], [ID_user], [Sum]) VALUES (66, 3, 2500.0000)
INSERT INTO [dbo].[TransactionUser] ([ID_transaction], [ID_user], [Sum]) VALUES (66, 11, NULL)
INSERT INTO [dbo].[TransactionUser] ([ID_transaction], [ID_user], [Sum]) VALUES (66, 17, NULL)
INSERT INTO [dbo].[TransactionUser] ([ID_transaction], [ID_user], [Sum]) VALUES (67, 3, 2500.0000)
INSERT INTO [dbo].[TransactionUser] ([ID_transaction], [ID_user], [Sum]) VALUES (68, 3, NULL)
INSERT INTO [dbo].[TransactionUser] ([ID_transaction], [ID_user], [Sum]) VALUES (69, 3, NULL)
INSERT INTO [dbo].[TransactionUser] ([ID_transaction], [ID_user], [Sum]) VALUES (70, 3, NULL)
INSERT INTO [dbo].[TransactionUser] ([ID_transaction], [ID_user], [Sum]) VALUES (71, 3, NULL)
INSERT INTO [dbo].[TransactionUser] ([ID_transaction], [ID_user], [Sum]) VALUES (72, 3, 54.0000)
INSERT INTO [dbo].[TransactionUser] ([ID_transaction], [ID_user], [Sum]) VALUES (73, 11, NULL)
INSERT INTO [dbo].[TransactionUser] ([ID_transaction], [ID_user], [Sum]) VALUES (74, 3, NULL)
INSERT INTO [dbo].[TransactionUser] ([ID_transaction], [ID_user], [Sum]) VALUES (74, 18, 54.0000)
INSERT INTO [dbo].[TransactionUser] ([ID_transaction], [ID_user], [Sum]) VALUES (75, 23, 5000.0000)
INSERT INTO [dbo].[TransactionUser] ([ID_transaction], [ID_user], [Sum]) VALUES (76, 23, 100.0000)
INSERT INTO [dbo].[TransactionUser] ([ID_transaction], [ID_user], [Sum]) VALUES (77, 23, 700.0000)
INSERT INTO [dbo].[TransactionUser] ([ID_transaction], [ID_user], [Sum]) VALUES (78, 23, 10000.0000)
INSERT INTO [dbo].[TransactionUser] ([ID_transaction], [ID_user], [Sum]) VALUES (79, 22, -50.0000)
INSERT INTO [dbo].[TransactionUser] ([ID_transaction], [ID_user], [Sum]) VALUES (79, 23, -100.0000)
INSERT INTO [dbo].[TransactionUser] ([ID_transaction], [ID_user], [Sum]) VALUES (80, 23, -2125.0000)
INSERT INTO [dbo].[TransactionUser] ([ID_transaction], [ID_user], [Sum]) VALUES (80, 24, -2125.0000)
INSERT INTO [dbo].[TransactionUser] ([ID_transaction], [ID_user], [Sum]) VALUES (81, 23, -3000.0000)
INSERT INTO [dbo].[TransactionUser] ([ID_transaction], [ID_user], [Sum]) VALUES (82, 23, -10000.0000)
INSERT INTO [dbo].[TransactionUser] ([ID_transaction], [ID_user], [Sum]) VALUES (83, 23, -95.0000)
INSERT INTO [dbo].[TransactionUser] ([ID_transaction], [ID_user], [Sum]) VALUES (84, 23, 5000.0000)
INSERT INTO [dbo].[TransactionUser] ([ID_transaction], [ID_user], [Sum]) VALUES (85, 23, 3000.0000)
INSERT INTO [dbo].[TransactionUser] ([ID_transaction], [ID_user], [Sum]) VALUES (86, 23, -150.0000)
INSERT INTO [dbo].[TransactionUser] ([ID_transaction], [ID_user], [Sum]) VALUES (87, 23, 5000.0000)
INSERT INTO [dbo].[TransactionUser] ([ID_transaction], [ID_user], [Sum]) VALUES (88, 23, -170.0000)
INSERT INTO [dbo].[TransactionUser] ([ID_transaction], [ID_user], [Sum]) VALUES (90, 23, -15.0000)
INSERT INTO [dbo].[TransactionUser] ([ID_transaction], [ID_user], [Sum]) VALUES (91, 23, 200.0000)
INSERT INTO [dbo].[TransactionUser] ([ID_transaction], [ID_user], [Sum]) VALUES (92, 23, -2000.0000)
INSERT INTO [dbo].[TransactionUser] ([ID_transaction], [ID_user], [Sum]) VALUES (93, 23, -5000.0000)
INSERT INTO [dbo].[TransactionUser] ([ID_transaction], [ID_user], [Sum]) VALUES (94, 23, 700.0000)
INSERT INTO [dbo].[TransactionUser] ([ID_transaction], [ID_user], [Sum]) VALUES (95, 23, -200.0000)
INSERT INTO [dbo].[TransactionUser] ([ID_transaction], [ID_user], [Sum]) VALUES (96, 23, 4000.0000)
INSERT INTO [dbo].[TransactionUser] ([ID_transaction], [ID_user], [Sum]) VALUES (97, 23, 200.0000)
INSERT INTO [dbo].[TransactionUser] ([ID_transaction], [ID_user], [Sum]) VALUES (98, 23, 10000.0000)
INSERT INTO [dbo].[TransactionUser] ([ID_transaction], [ID_user], [Sum]) VALUES (99, 23, -1000.0000)
INSERT INTO [dbo].[TransactionUser] ([ID_transaction], [ID_user], [Sum]) VALUES (100, 23, 2000.0000)
INSERT INTO [dbo].[OtherExpence] ([ID], [OE type], [Comment]) VALUES (71, NULL, NULL)
INSERT INTO [dbo].[OtherExpence] ([ID], [OE type], [Comment]) VALUES (83, N'Транспорт', N'Місячний проїзний на метро')
INSERT INTO [dbo].[OtherExpence] ([ID], [OE type], [Comment]) VALUES (99, NULL, NULL)
INSERT INTO [dbo].[LongTermExpence] ([ID], [LtE type], [Comment], [Term of usage]) VALUES (82, N'Техніка', N'Acer Aspire 8930', NULL)
INSERT INTO [dbo].[LongTermExpence] ([ID], [LtE type], [Comment], [Term of usage]) VALUES (98, NULL, NULL, NULL)
INSERT INTO [dbo].[Rent] ([ID], [Rate], [Meters], [Public utilities]) VALUES (80, -4000.0000, -150.0000, -100.0000)
INSERT INTO [dbo].[Rent] ([ID], [Rate], [Meters], [Public utilities]) VALUES (92, NULL, NULL, NULL)
INSERT INTO [dbo].[OtherIncome] ([ID], [OI type], [Comment]) VALUES (78, N'Нерегулярний дохід', N'Виграш в лотерею Мегалот')
INSERT INTO [dbo].[OtherIncome] ([ID], [OI type], [Comment]) VALUES (97, NULL, NULL)
INSERT INTO [dbo].[Deposit] ([ID], [Deposit rate(%)], [Money on deposit], [Expected income]) VALUES (66, 20, 2500.0000, 25.0000)
INSERT INTO [dbo].[Deposit] ([ID], [Deposit rate(%)], [Money on deposit], [Expected income]) VALUES (76, 10, 10000.0000, 100.0000)
INSERT INTO [dbo].[Deposit] ([ID], [Deposit rate(%)], [Money on deposit], [Expected income]) VALUES (91, NULL, NULL, NULL)
ALTER TABLE [dbo].[Deposit]
    ADD CONSTRAINT [FK_Deposit_Transaction] FOREIGN KEY ([ID]) REFERENCES [dbo].[Transaction] ([ID])
ALTER TABLE [dbo].[OtherIncome]
    ADD CONSTRAINT [FK_Other income_Transaction] FOREIGN KEY ([ID]) REFERENCES [dbo].[Transaction] ([ID])
ALTER TABLE [dbo].[Rent]
    ADD CONSTRAINT [FK_Rent_Transaction] FOREIGN KEY ([ID]) REFERENCES [dbo].[Transaction] ([ID])
ALTER TABLE [dbo].[LongTermExpence]
    ADD CONSTRAINT [FK_Long-term expence_Transaction] FOREIGN KEY ([ID]) REFERENCES [dbo].[Transaction] ([ID])
ALTER TABLE [dbo].[OtherExpence]
    ADD CONSTRAINT [FK_Other expence_Transaction] FOREIGN KEY ([ID]) REFERENCES [dbo].[Transaction] ([ID])
ALTER TABLE [dbo].[TransactionUser]
    ADD CONSTRAINT [FK_Transaction-User_Transaction] FOREIGN KEY ([ID_transaction]) REFERENCES [dbo].[Transaction] ([ID])
ALTER TABLE [dbo].[TransactionUser]
    ADD CONSTRAINT [FK_Transaction-User_User] FOREIGN KEY ([ID_user]) REFERENCES [dbo].[User] ([ID])
ALTER TABLE [dbo].[Grant]
    ADD CONSTRAINT [FK_Grant_Transaction] FOREIGN KEY ([ID]) REFERENCES [dbo].[Transaction] ([ID])
ALTER TABLE [dbo].[HouseholdExpence]
    ADD CONSTRAINT [FK_Household expence_Transaction] FOREIGN KEY ([ID]) REFERENCES [dbo].[Transaction] ([ID])
ALTER TABLE [dbo].[Wage]
    ADD CONSTRAINT [FK_Wage_Transaction] FOREIGN KEY ([ID]) REFERENCES [dbo].[Transaction] ([ID])
ALTER TABLE [dbo].[Credit]
    ADD CONSTRAINT [FK_Credit_Transaction] FOREIGN KEY ([ID]) REFERENCES [dbo].[Transaction] ([ID])
ALTER TABLE [dbo].[Transaction]
    ADD CONSTRAINT [FK_Transaction_User] FOREIGN KEY ([Author_ID]) REFERENCES [dbo].[User] ([ID])
COMMIT TRANSACTION
